{
  "config": {
    "train_file": "./datasets/91-image_x4.h5",
    "eval_file": "./datasets/Set5_x4.h5",
    "batch_size": 32,
    "lr": 0.001,
    "epoch": 100,
    "test_frequency": 5
  },
  "train_loss": [
    2.7373556991224177,
    1.4347913942183368,
    1.4131681048311293,
    1.395909355895128,
    1.3957251181127504,
    1.36893178767059,
    1.3522881148965098,
    1.3483939515426755,
    1.335755730397068,
    1.336243672936689,
    1.3280564692104235,
    1.3186714133480564,
    1.3214959359029308,
    1.3085755329811946,
    1.3036621693172492,
    1.301480530470144,
    1.2972075461875647,
    1.2959895506501198,
    1.2888020204845816,
    1.2917906095390208,
    1.2844989700824954,
    1.2816549827693962,
    1.2751713204197586,
    1.2760939690633677,
    1.2743065241375007,
    1.2696035894332454,
    1.2675793648813851,
    1.2649638435104862,
    1.265051031659823,
    1.2622950885561295,
    1.2633609423064627,
    1.255078310961835,
    1.2566874793265015,
    1.2548351520090364,
    1.2550205218722112,
    1.2529003492672928,
    1.2484606091747992,
    1.2482120214262977,
    1.2473219707026146,
    1.2453882832196541,
    1.243828009290155,
    1.243728942470625,
    1.2424263094435446,
    1.2399572583963163,
    1.2369183981791139,
    1.238918132497929,
    1.235936726036016,
    1.2346983189927414,
    1.2336545285070315,
    1.2323621711693704,
    1.2324585941969417,
    1.230953941878397,
    1.229542292188853,
    1.229519427230116,
    1.2298813833622262,
    1.2278772902791388,
    1.22522984148236,
    1.2280391498934478,
    1.225487343093846,
    1.2246955833397806,
    1.2238241316517815,
    1.2221252523595467,
    1.2226623093592934,
    1.2205893304781057,
    1.2198309958912432,
    1.218892390606925,
    1.2189823739463463,
    1.2189371497370303,
    1.2173660917324014,
    1.217620597453788,
    1.2191176687483676,
    1.216181889292784,
    1.2175373368663713,
    1.2158054716419429,
    1.2146130257751793,
    1.215768288646359,
    1.2148994737071916,
    1.2138131223618984,
    1.2116711027920246,
    1.2155152547056787,
    1.2133755594259128,
    1.212062097270973,
    1.2107771682203747,
    1.2099654891644605,
    1.2136756947729737,
    1.2098458351683803,
    1.2100003202212974,
    1.210156943590846,
    1.2099412497482263,
    1.209947514522355,
    1.2091484850971028,
    1.2086556747090071,
    1.2072407045634463,
    1.2066931268782355,
    1.2068075017887168,
    1.2047545349923894,
    1.2061000589746982,
    1.2046783663099632,
    1.206456293235533,
    1.2056238118675537
  ],
  "test_psnr": [
    29.302204132080078,
    29.538787841796875,
    29.958791732788086,
    29.974206924438477,
    30.019699096679688,
    30.022735595703125,
    30.109394073486328,
    30.059951782226562,
    30.111196517944336,
    30.16788673400879,
    29.99041748046875,
    30.108776092529297,
    30.01932716369629,
    30.102615356445312,
    29.977596282958984,
    30.046192169189453,
    30.11185073852539,
    30.11703872680664,
    29.97931480407715,
    30.02351951599121
  ],
  "test_epoch": [
    0,
    5,
    10,
    15,
    20,
    25,
    30,
    35,
    40,
    45,
    50,
    55,
    60,
    65,
    70,
    75,
    80,
    85,
    90,
    95
  ],
  "best_epoch": 45,
  "best_psnr": 30.16788673400879
}