{
  "config": {
    "train_file": "./datasets/91-image_x4.h5",
    "eval_file": "./datasets/Set5_x4.h5",
    "batch_size": 32,
    "lr": 0.0001,
    "epoch": 100,
    "test_frequency": 5
  },
  "train_loss": [
    3.904619654174894,
    1.4863599443924613,
    1.4435667006182484,
    1.418741898087319,
    1.4026006059721112,
    1.3899835856864229,
    1.3807327997055836,
    1.3717270350898616,
    1.3667810310143977,
    1.3610568452859297,
    1.3567190481699072,
    1.3520910313236527,
    1.3479301179759204,
    1.3428080577868968,
    1.339619848469738,
    1.3384890211746097,
    1.3324666628031991,
    1.3303461335599422,
    1.3267732019303367,
    1.3236062263604254,
    1.321903485513758,
    1.3188766473322175,
    1.3152585481875576,
    1.3131247463752516,
    1.3104723317665048,
    1.3092973154853098,
    1.3072694923030213,
    1.3060235109878704,
    1.3026420290698297,
    1.301481903414242,
    1.2999316640780307,
    1.2979266652837396,
    1.2968813183251768,
    1.2949586543254554,
    1.2940302914357744,
    1.2915573331410997,
    1.292148195032496,
    1.2896894121076912,
    1.288757272530347,
    1.286857261089608,
    1.2860938596422784,
    1.2843768580933101,
    1.2841756043490022,
    1.2831290261237882,
    1.281231388275046,
    1.2804390180390328,
    1.2791149664553814,
    1.278471486759372,
    1.2775842124829069,
    1.2754951255046763,
    1.2757040733122267,
    1.2746579672093503,
    1.2744137912523001,
    1.2734535811468959,
    1.2721877718577161,
    1.2709255819790997,
    1.2700921199284494,
    1.2690840868745,
    1.2690938510349952,
    1.2680854036007077,
    1.2677187992958352,
    1.2664824268431403,
    1.2653832376236096,
    1.2660615259082988,
    1.264116367441602,
    1.2637169251102023,
    1.2632731461781077,
    1.2626037765294313,
    1.2619787227595225,
    1.2607978111482225,
    1.2603240894386545,
    1.2599320160225034,
    1.258700245351065,
    1.2579464513109997,
    1.2583271085750312,
    1.2577916394802742,
    1.256595377693884,
    1.256689216766972,
    1.2555783834541216,
    1.2548682271153666,
    1.2550151065806858,
    1.254006838076748,
    1.2539452447090298,
    1.2531829691724852,
    1.252772620646283,
    1.2515078975702636,
    1.252222957846243,
    1.2515656035393476,
    1.2508999676792882,
    1.2506424653111026,
    1.2501211272901855,
    1.2492881417856552,
    1.248718323011417,
    1.2486660899594426,
    1.2480611302889884,
    1.2475397905218415,
    1.246389759297017,
    1.2471092323539779,
    1.246099793992471,
    1.2456429503508843
  ],
  "test_psnr": [
    29.154438018798828,
    29.659435272216797,
    29.791723251342773,
    29.880701065063477,
    29.88155746459961,
    29.971996307373047,
    30.0003604888916,
    30.0028133392334,
    30.0388240814209,
    30.048511505126953,
    30.079309463500977,
    30.115066528320312,
    30.09092140197754,
    30.099197387695312,
    30.095226287841797,
    30.111682891845703,
    30.149438858032227,
    30.161224365234375,
    30.120513916015625,
    30.144611358642578
  ],
  "test_epoch": [
    0,
    5,
    10,
    15,
    20,
    25,
    30,
    35,
    40,
    45,
    50,
    55,
    60,
    65,
    70,
    75,
    80,
    85,
    90,
    95
  ],
  "best_epoch": 85,
  "best_psnr": 30.161224365234375
}