{
  "config": {
    "train_file": "./datasets/91-image_x4.h5",
    "eval_file": "./datasets/Set5_x4.h5",
    "batch_size": 32,
    "lr": 1e-05,
    "epoch": 100,
    "test_frequency": 5
  },
  "train_loss": [
    22.197249865159392,
    2.530167659628205,
    1.8718898729421198,
    1.7076206573983654,
    1.6111597400158644,
    1.558543088613078,
    1.5257443729205988,
    1.5037059162277728,
    1.4863299309508875,
    1.4717135700630024,
    1.460184324765578,
    1.4499686394119635,
    1.4411244484363124,
    1.4333571481402032,
    1.426799378124997,
    1.42092126281932,
    1.415660229162313,
    1.411267955612857,
    1.40669964364497,
    1.4026815550168976,
    1.3990386283257976,
    1.3960876964847557,
    1.392810393415857,
    1.3906888367491774,
    1.388035541458521,
    1.3859294038265944,
    1.3834094652556814,
    1.3818915772717446,
    1.3798521619755775,
    1.377808459859807,
    1.3765208955155686,
    1.3747374624945223,
    1.373205583251547,
    1.3708502983790822,
    1.3698491314426064,
    1.3688566632336006,
    1.3678684325423092,
    1.3667581843910739,
    1.36519578716252,
    1.3640770476777107,
    1.3629954966017976,
    1.3613982759416103,
    1.3601800366304815,
    1.359524219587911,
    1.3587485670577735,
    1.3577178533305414,
    1.3568125766469166,
    1.3560713296756148,
    1.3553215382853523,
    1.3541661400231533,
    1.3537095907959156,
    1.3522373484447598,
    1.35150097560836,
    1.3512959336512722,
    1.3500529142911546,
    1.3497995014768094,
    1.348651191976387,
    1.3481017654994503,
    1.347608728101477,
    1.3468305541318841,
    1.345766790327616,
    1.3455429987516254,
    1.3449064463493414,
    1.3444050023681484,
    1.3439870006986894,
    1.3433167620096356,
    1.342648059653584,
    1.3418285178486258,
    1.3411592397606,
    1.3411005646339618,
    1.3404055394930765,
    1.3395337056717835,
    1.3385996691067703,
    1.3383441615733318,
    1.3383827380021103,
    1.3371837611193769,
    1.336593631946016,
    1.3361384083982557,
    1.3356351738329977,
    1.3354684818186797,
    1.3353142572450452,
    1.33461214939598,
    1.3341951191541739,
    1.3336268494022079,
    1.3324610991985537,
    1.3318102459306829,
    1.3322264571906999,
    1.3313638095278293,
    1.330974956334103,
    1.3298865809338167,
    1.329981809540186,
    1.329411293612793,
    1.3294485722435638,
    1.327893320703879,
    1.3283250058302656,
    1.3280737120076083,
    1.327075733395759,
    1.3268198339501396,
    1.3267998666269705,
    1.3259763546520844
  ],
  "test_psnr": [
    25.474124908447266,
    29.159732818603516,
    29.390579223632812,
    29.509435653686523,
    29.57015609741211,
    29.625873565673828,
    29.66573715209961,
    29.696033477783203,
    29.736196517944336,
    29.747493743896484,
    29.782424926757812,
    29.770954132080078,
    29.795923233032227,
    29.810449600219727,
    29.819644927978516,
    29.838403701782227,
    29.8389892578125,
    29.857336044311523,
    29.8349552154541,
    29.878591537475586
  ],
  "test_epoch": [
    0,
    5,
    10,
    15,
    20,
    25,
    30,
    35,
    40,
    45,
    50,
    55,
    60,
    65,
    70,
    75,
    80,
    85,
    90,
    95
  ],
  "best_epoch": 95,
  "best_psnr": 29.878591537475586
}