{
  "config": {
    "train_file": "./datasets/91-image_x2.h5",
    "eval_file": "./datasets/Set5_x2.h5",
    "batch_size": 32,
    "lr": 0.0001,
    "epoch": 100,
    "test_frequency": 5
  },
  "train_loss": [
    4.503495111799566,
    0.5777481104014441,
    0.5239378760452382,
    0.5023017679341137,
    0.49207402515457943,
    0.48148623169981875,
    0.47607117574079894,
    0.46966200685710646,
    0.4683412639715243,
    0.4610577798448503,
    0.46095831389538944,
    0.456412584419013,
    0.4522266729181865,
    0.4496961986878887,
    0.4473400451388443,
    0.4450973014027113,
    0.44583180162589997,
    0.43966040293162223,
    0.4390219822671497,
    0.43829039939737413,
    0.43370895931730047,
    0.43343571908189915,
    0.4284391593100736,
    0.42785284989804495,
    0.42567285388940945,
    0.4240805589943193,
    0.421182606369257,
    0.41963977813429665,
    0.41931372898397967,
    0.4162286588398274,
    0.4145660418435,
    0.41361802072788123,
    0.4124026774079539,
    0.4100497348263161,
    0.40952646058576647,
    0.40811782324453816,
    0.4074801294191275,
    0.40589017735328525,
    0.4050806795567041,
    0.403989130325499,
    0.4037549876520643,
    0.4016910063364776,
    0.4012669938383624,
    0.40069447143469006,
    0.3994003270927351,
    0.3990394311840646,
    0.3979712304135319,
    0.3977945500810165,
    0.39644337999925483,
    0.39587290681083687,
    0.3956058323965408,
    0.3943252023018431,
    0.3940240872470895,
    0.3936328312702244,
    0.39280629326822236,
    0.3926395003654761,
    0.3918025260209106,
    0.39168846621760167,
    0.3905348822445376,
    0.39044107688823715,
    0.3898853558494011,
    0.38959574786713347,
    0.3887276570312679,
    0.3888857141864719,
    0.38812542003870476,
    0.3874024067627033,
    0.3876629714941373,
    0.38666408440622035,
    0.38673404027940705,
    0.3860320909298025,
    0.38538962628808804,
    0.38595621708373073,
    0.3847722214850364,
    0.3848476042767288,
    0.3846080723742489,
    0.3841007895534858,
    0.383756892348174,
    0.3833454854757292,
    0.38323997842962854,
    0.3822389304259559,
    0.3824666521686595,
    0.3824124192324234,
    0.3814808488532435,
    0.3812290261994349,
    0.38156369084026664,
    0.38076586280658375,
    0.3810628690844169,
    0.3801551717770053,
    0.37976389976392966,
    0.3802165817032801,
    0.3792407628207002,
    0.3791766308131628,
    0.3788551928009838,
    0.37889122584601864,
    0.3783592234540265,
    0.37825383414747193,
    0.3779722899344051,
    0.3778481335757533,
    0.37760590472316835,
    0.377606987443869
  ],
  "test_psnr": [
    33.85022735595703,
    35.28353500366211,
    35.50667190551758,
    35.58509826660156,
    35.79107666015625,
    35.95161819458008,
    36.00883102416992,
    36.112213134765625,
    36.09391403198242,
    36.180870056152344,
    36.195831298828125,
    36.24806594848633,
    36.26143264770508,
    36.30732345581055,
    36.2652587890625,
    36.33046340942383,
    36.31063461303711,
    36.361976623535156,
    36.3804931640625,
    36.37427520751953
  ],
  "test_epoch": [
    0,
    5,
    10,
    15,
    20,
    25,
    30,
    35,
    40,
    45,
    50,
    55,
    60,
    65,
    70,
    75,
    80,
    85,
    90,
    95
  ],
  "best_epoch": 90,
  "best_psnr": 36.3804931640625
}