{
  "config": {
    "train_file": "./datasets/91-image_x4.h5",
    "eval_file": "./datasets/Set5_x4.h5",
    "batch_size": 64,
    "lr": 0.0001,
    "epoch": 100,
    "test_frequency": 5
  },
  "train_loss": [
    4.46760054375045,
    0.7688811040716246,
    0.7330861273221672,
    0.7185112158767879,
    0.7086703986860812,
    0.7018188998335972,
    0.6959247696213424,
    0.691260559251532,
    0.6875551216071472,
    0.6837410813895985,
    0.6806978371459991,
    0.6782062452984974,
    0.675648994394578,
    0.6736353321466595,
    0.6711916067870334,
    0.6700103991897777,
    0.6679096751613542,
    0.6664639776572585,
    0.6654180508339778,
    0.6636610249988735,
    0.662530486821197,
    0.6609448740491644,
    0.6605394791113213,
    0.6585817217128351,
    0.6576851315330714,
    0.6567372068529949,
    0.6559477476403117,
    0.655132093699649,
    0.6536356406286359,
    0.6534264310030267,
    0.6524499250808731,
    0.6512666939524934,
    0.6504708495922387,
    0.6503498310921714,
    0.6494496744126081,
    0.648377840523608,
    0.6475175486411899,
    0.647377953864634,
    0.6469104111893103,
    0.6460045572603121,
    0.6450303852325305,
    0.644562846631743,
    0.6445628042565659,
    0.6434450306696817,
    0.6432303173933178,
    0.6426516759674996,
    0.6418372634798288,
    0.6414824029197916,
    0.6416338221170008,
    0.6407185115385801,
    0.6408115336671472,
    0.6406937041319907,
    0.6393643778283149,
    0.6393551168730482,
    0.6390196428401396,
    0.6385028844233602,
    0.6382880865130574,
    0.6379257626831532,
    0.637636995408684,
    0.6364458497846499,
    0.6369288072455674,
    0.636390115483664,
    0.6363173545105383,
    0.6363618491450325,
    0.635189937078394,
    0.6355066549731418,
    0.6349031599238515,
    0.6344606226775795,
    0.6341323951492086,
    0.6336536839371547,
    0.6343782567419112,
    0.6334607374155894,
    0.6331040622899309,
    0.6332382255932316,
    0.6322948889574036,
    0.632408999837935,
    0.632326509221457,
    0.6312387286452577,
    0.6312227277085185,
    0.6311748183798045,
    0.63151849625865,
    0.6307836840278469,
    0.6303239486878738,
    0.630754326004535,
    0.630309684551321,
    0.6300840014591813,
    0.6298403430264443,
    0.6298227506922558,
    0.629073494230397,
    0.6289849105523899,
    0.6293304547434673,
    0.6289092707447708,
    0.6283859934192151,
    0.6283019551774487,
    0.6283532640663907,
    0.6282132123596966,
    0.6276599854463711,
    0.6275163047248498,
    0.627605461049825,
    0.6275820811279118
  ],
  "test_psnr": [
    28.945383071899414,
    29.60773277282715,
    29.785104751586914,
    29.84125328063965,
    29.939937591552734,
    29.98428726196289,
    29.999109268188477,
    30.028736114501953,
    30.05242919921875,
    30.039636611938477,
    30.0634822845459,
    30.077526092529297,
    30.07956314086914,
    30.080394744873047,
    30.09037208557129,
    30.0916748046875,
    30.111339569091797,
    30.11714744567871,
    30.101287841796875,
    30.106689453125
  ],
  "test_epoch": [
    0,
    5,
    10,
    15,
    20,
    25,
    30,
    35,
    40,
    45,
    50,
    55,
    60,
    65,
    70,
    75,
    80,
    85,
    90,
    95
  ],
  "best_epoch": 85,
  "best_psnr": 30.11714744567871
}